{"cameraMode":{"drawMode":0,"name":"Shaded","section":"Shading Mode"},"sceneLighting":true,"audioPlay":false,"sceneViewState":{"m_AlwaysRefresh":false,"showFog":true,"showSkybox":true,"showFlares":true,"showImageEffects":true,"showParticleSystems":true,"showVisualEffectGraphs":true,"m_FxEnabled":true},"in2DMode":false,"pivot":{"x":9.598335266113282,"y":12.665359497070313,"z":-2.061583995819092},"rotation":{"x":0.13621632754802705,"y":-0.5782743096351624,"z":0.10015235841274262,"w":0.7986671924591065},"size":0.6908037662506104,"orthographic":false}